{
  "base": {
    "accuracy": 0.1111290421907301,
    "f1_score": 0.027273461633015784
  },
  "finetuned": {
    "accuracy": 0.3008925098219746,
    "f1_score": 0.20920991405200653
  }
}