{
  "0": 64.0026,
  "1": 33.330225,
  "2": 26.26865,
  "3": 26.145533333333333,
  "4": 26.146025,
  "5": 26.12935,
  "6": 26.133425,
  "7": 26.119199999999996,
  "8": 26.152225,
  "9": 26.129550000000002,
  "10": 26.131149999999998,
  "11": 26.151633333333336,
  "12": 26.1174,
  "13": 26.121775,
  "14": 26.130724999999998,
  "15": 26.129900000000003,
  "16": 26.132424999999998,
  "17": 26.115724999999998,
  "18": 26.120649999999998,
  "19": 26.099466666666668,
  "20": 26.12915,
  "21": 26.1122,
  "22": 26.1017,
  "23": 26.108800000000002,
  "24": 26.109299999999998,
  "25": 26.089175,
  "26": 26.1211,
  "27": 26.081400000000002,
  "28": 26.093925,
  "29": 26.12475,
  "30": 26.090525,
  "31": 26.07783333333333,
  "32": 26.117874999999998,
  "33": 26.106375,
  "34": 26.09575,
  "35": 26.088399999999996,
  "36": 26.117875,
  "37": 26.0746,
  "38": 26.100550000000002,
  "39": 26.1067,
  "40": 26.09315,
  "41": 26.106875,
  "42": 26.097875,
  "43": 26.090666666666667,
  "44": 26.1,
  "45": 26.086825,
  "46": 26.10775,
  "47": 26.094333333333335,
  "48": 26.08465,
  "49": 26.10545
}